"","home_pm","h1","h2","h3","h4","h5","a1","a2","a3","a4","a5"
"1",-3,"Lance Stephenson","Blake Griffin","DeAndre Jordan","JJ Redick","Chris Paul","Jeremy Evans","Dirk Nowitzki","Zaza Pachulia","John Jenkins","Raymond Felton"
"2",5,"Lance Stephenson","Blake Griffin","DeAndre Jordan","JJ Redick","Chris Paul","Jeremy Evans","Dirk Nowitzki","John Jenkins","Raymond Felton","Dwight Powell"
"3",4,"Blake Griffin","DeAndre Jordan","JJ Redick","Chris Paul","Paul Pierce","Jeremy Evans","Dirk Nowitzki","John Jenkins","Raymond Felton","Dwight Powell"
"4",0,"Blake Griffin","DeAndre Jordan","JJ Redick","Chris Paul","Paul Pierce","Jeremy Evans","Dirk Nowitzki","John Jenkins","Dwight Powell","Jose Juan Barea"
"5",0,"Blake Griffin","DeAndre Jordan","JJ Redick","Chris Paul","Paul Pierce","Jeremy Evans","Dirk Nowitzki","Dwight Powell","Jose Juan Barea","Devin Harris"
"6",1,"Blake Griffin","DeAndre Jordan","JJ Redick","Chris Paul","Paul Pierce","Jeremy Evans","Dwight Powell","Jose Juan Barea","Devin Harris","Charlie Villanueva"
"7",0,"Blake Griffin","DeAndre Jordan","JJ Redick","Chris Paul","Paul Pierce","Dwight Powell","Jose Juan Barea","Devin Harris","Charlie Villanueva","Justin Anderson"
"8",0,"DeAndre Jordan","JJ Redick","Chris Paul","Paul Pierce","Josh Smith","Dwight Powell","Jose Juan Barea","Devin Harris","Charlie Villanueva","Justin Anderson"
"9",0,"DeAndre Jordan","JJ Redick","Paul Pierce","Josh Smith","Austin Rivers","Dwight Powell","Jose Juan Barea","Devin Harris","Charlie Villanueva","Justin Anderson"
"10",0,"DeAndre Jordan","Paul Pierce","Josh Smith","Austin Rivers","Jamal Crawford","Dwight Powell","Jose Juan Barea","Devin Harris","Charlie Villanueva","Justin Anderson"
"11",0,"Paul Pierce","Josh Smith","Austin Rivers","Jamal Crawford","Wesley Johnson","Dwight Powell","Jose Juan Barea","Devin Harris","Charlie Villanueva","Justin Anderson"
"12",-2,"Paul Pierce","Josh Smith","Austin Rivers","Jamal Crawford","Wesley Johnson","Jose Juan Barea","Devin Harris","Charlie Villanueva","Justin Anderson","Salah Mejri"
"13",0,"Paul Pierce","Austin Rivers","Jamal Crawford","Wesley Johnson","Chris Paul","Jose Juan Barea","Devin Harris","Charlie Villanueva","Justin Anderson","Salah Mejri"
"14",0,"Paul Pierce","Austin Rivers","Jamal Crawford","Wesley Johnson","Chris Paul","Jose Juan Barea","Devin Harris","Justin Anderson","Salah Mejri","Jeremy Evans"
"15",0,"Paul Pierce","Josh Smith","Austin Rivers","Jamal Crawford","Wesley Johnson","Dirk Nowitzki","Zaza Pachulia","Jose Juan Barea","Devin Harris","Justin Anderson"
"16",1,"Paul Pierce","Josh Smith","Austin Rivers","Jamal Crawford","Wesley Johnson","Dirk Nowitzki","Zaza Pachulia","Jose Juan Barea","Devin Harris","John Jenkins"
"17",0,"Paul Pierce","Austin Rivers","Jamal Crawford","Wesley Johnson","Blake Griffin","Dirk Nowitzki","Zaza Pachulia","Jose Juan Barea","Devin Harris","John Jenkins"
"18",0,"Austin Rivers","Jamal Crawford","Wesley Johnson","Blake Griffin","Chris Paul","Dirk Nowitzki","Zaza Pachulia","Jose Juan Barea","Devin Harris","John Jenkins"
"19",0,"Jamal Crawford","Wesley Johnson","Blake Griffin","Chris Paul","JJ Redick","Dirk Nowitzki","Zaza Pachulia","Jose Juan Barea","Devin Harris","John Jenkins"
"20",0,"Wesley Johnson","Blake Griffin","Chris Paul","JJ Redick","Lance Stephenson","Dirk Nowitzki","Zaza Pachulia","Jose Juan Barea","Devin Harris","John Jenkins"
"21",0,"Blake Griffin","Chris Paul","JJ Redick","Lance Stephenson","DeAndre Jordan","Dirk Nowitzki","Zaza Pachulia","Jose Juan Barea","Devin Harris","John Jenkins"
"22",0,"Blake Griffin","Chris Paul","JJ Redick","Lance Stephenson","DeAndre Jordan","Dirk Nowitzki","Zaza Pachulia","Devin Harris","John Jenkins","Jeremy Evans"
"23",1,"Blake Griffin","Chris Paul","JJ Redick","Lance Stephenson","DeAndre Jordan","Dirk Nowitzki","Zaza Pachulia","John Jenkins","Jeremy Evans","Raymond Felton"
"24",0,"Blake Griffin","Chris Paul","JJ Redick","Lance Stephenson","DeAndre Jordan","Zaza Pachulia","John Jenkins","Jeremy Evans","Raymond Felton","Charlie Villanueva"
"25",4,"Blake Griffin","Chris Paul","JJ Redick","Lance Stephenson","DeAndre Jordan","John Jenkins","Jeremy Evans","Raymond Felton","Charlie Villanueva","Dwight Powell"
"26",0,"Blake Griffin","Chris Paul","JJ Redick","Lance Stephenson","DeAndre Jordan","John Jenkins","Raymond Felton","Charlie Villanueva","Dwight Powell","Devin Harris"
"27",0,"Blake Griffin","Chris Paul","JJ Redick","Lance Stephenson","DeAndre Jordan","Raymond Felton","Charlie Villanueva","Dwight Powell","Devin Harris","Jose Juan Barea"
"28",0,"Blake Griffin","Chris Paul","JJ Redick","Lance Stephenson","DeAndre Jordan","Raymond Felton","Dwight Powell","Devin Harris","Jose Juan Barea","Dirk Nowitzki"
"29",0,"Blake Griffin","Chris Paul","JJ Redick","Lance Stephenson","DeAndre Jordan","Raymond Felton","Devin Harris","Jose Juan Barea","Dirk Nowitzki","Zaza Pachulia"
"30",-5,"Blake Griffin","Chris Paul","JJ Redick","Lance Stephenson","DeAndre Jordan","Raymond Felton","Devin Harris","Jose Juan Barea","Dirk Nowitzki","Dwight Powell"
"31",0,"Blake Griffin","Chris Paul","JJ Redick","Lance Stephenson","Jamal Crawford","Raymond Felton","Devin Harris","Jose Juan Barea","Dirk Nowitzki","Dwight Powell"
"32",0,"Blake Griffin","Chris Paul","JJ Redick","Jamal Crawford","Austin Rivers","Raymond Felton","Devin Harris","Jose Juan Barea","Dirk Nowitzki","Dwight Powell"
"33",2,"Blake Griffin","Chris Paul","JJ Redick","Jamal Crawford","Austin Rivers","Raymond Felton","Devin Harris","Jose Juan Barea","Dwight Powell","Jeremy Evans"
"34",-3,"Lance Stephenson","Blake Griffin","DeAndre Jordan","JJ Redick","Chris Paul","Dirk Nowitzki","Zaza Pachulia","Raymond Felton","Jose Juan Barea","Devin Harris"
"35",2,"Lance Stephenson","Blake Griffin","DeAndre Jordan","JJ Redick","Chris Paul","Dirk Nowitzki","Zaza Pachulia","Raymond Felton","Devin Harris","John Jenkins"
"36",0,"Lance Stephenson","Blake Griffin","DeAndre Jordan","JJ Redick","Chris Paul","Zaza Pachulia","Raymond Felton","Devin Harris","John Jenkins","Jose Juan Barea"
"37",0,"Lance Stephenson","Blake Griffin","DeAndre Jordan","JJ Redick","Chris Paul","Raymond Felton","Devin Harris","John Jenkins","Jose Juan Barea","Charlie Villanueva"
"38",0,"Lance Stephenson","Blake Griffin","DeAndre Jordan","JJ Redick","Chris Paul","Raymond Felton","John Jenkins","Jose Juan Barea","Charlie Villanueva","Salah Mejri"
"39",5,"Lance Stephenson","Blake Griffin","DeAndre Jordan","JJ Redick","Chris Paul","Raymond Felton","John Jenkins","Jose Juan Barea","Charlie Villanueva","Zaza Pachulia"
"40",0,"Lance Stephenson","Blake Griffin","DeAndre Jordan","JJ Redick","Chris Paul","Raymond Felton","John Jenkins","Jose Juan Barea","Charlie Villanueva","Dwight Powell"
"41",0,"Lance Stephenson","Blake Griffin","DeAndre Jordan","Chris Paul","Jamal Crawford","Raymond Felton","John Jenkins","Jose Juan Barea","Charlie Villanueva","Dwight Powell"
"42",-1,"Blake Griffin","DeAndre Jordan","Chris Paul","Jamal Crawford","Austin Rivers","Raymond Felton","John Jenkins","Jose Juan Barea","Charlie Villanueva","Dwight Powell"
"43",0,"DeAndre Jordan","Chris Paul","Jamal Crawford","Austin Rivers","Josh Smith","Raymond Felton","John Jenkins","Jose Juan Barea","Charlie Villanueva","Dwight Powell"
"44",0,"Chris Paul","Jamal Crawford","Austin Rivers","Josh Smith","Wesley Johnson","Raymond Felton","John Jenkins","Jose Juan Barea","Charlie Villanueva","Dwight Powell"
"45",1,"Jamal Crawford","Austin Rivers","Josh Smith","Wesley Johnson","Paul Pierce","Raymond Felton","John Jenkins","Jose Juan Barea","Charlie Villanueva","Dwight Powell"
"46",1,"Jamal Crawford","Austin Rivers","Josh Smith","Wesley Johnson","Paul Pierce","Raymond Felton","John Jenkins","Jose Juan Barea","Charlie Villanueva","Dirk Nowitzki"
"47",1,"Jamal Crawford","Austin Rivers","Josh Smith","Wesley Johnson","Paul Pierce","Raymond Felton","John Jenkins","Charlie Villanueva","Dirk Nowitzki","Devin Harris"
"48",0,"Jamal Crawford","Austin Rivers","Josh Smith","Wesley Johnson","Paul Pierce","Raymond Felton","John Jenkins","Dirk Nowitzki","Devin Harris","Jeremy Evans"
"49",3,"Jamal Crawford","Austin Rivers","Wesley Johnson","Paul Pierce","Chris Paul","Raymond Felton","John Jenkins","Dirk Nowitzki","Devin Harris","Jeremy Evans"
"50",4,"Paul Pierce","Josh Smith","Austin Rivers","Jamal Crawford","Wesley Johnson","Jeremy Evans","Dirk Nowitzki","John Jenkins","Devin Harris","Justin Anderson"
"51",0,"Paul Pierce","Josh Smith","Austin Rivers","Jamal Crawford","Wesley Johnson","Jeremy Evans","Dirk Nowitzki","John Jenkins","Justin Anderson","Charlie Villanueva"
"52",2,"Paul Pierce","Josh Smith","Austin Rivers","Jamal Crawford","Wesley Johnson","Jeremy Evans","John Jenkins","Justin Anderson","Charlie Villanueva","Dwight Powell"
"53",1,"Paul Pierce","Josh Smith","Austin Rivers","Wesley Johnson","Pablo Prigioni","Jeremy Evans","John Jenkins","Justin Anderson","Charlie Villanueva","Dwight Powell"
"54",0,"Josh Smith","Austin Rivers","Wesley Johnson","Pablo Prigioni","Luc Mbah a Moute","Jeremy Evans","John Jenkins","Justin Anderson","Charlie Villanueva","Dwight Powell"
"55",2,"Austin Rivers","Wesley Johnson","Pablo Prigioni","Luc Mbah a Moute","Cole Aldrich","Jeremy Evans","John Jenkins","Justin Anderson","Charlie Villanueva","Dwight Powell"
"56",-10,"Austin Rivers","Wesley Johnson","Pablo Prigioni","Luc Mbah a Moute","Cole Aldrich","Jeremy Evans","John Jenkins","Justin Anderson","Charlie Villanueva","Salah Mejri"
"57",-1,"LeBron James","Kevin Love","Timofey Mozgov","J.R. Smith","Mo Williams","Luol Deng","Chris Bosh","Hassan Whiteside","Goran Dragic","Dwyane Wade"
"58",2,"LeBron James","Kevin Love","Timofey Mozgov","J.R. Smith","Mo Williams","Chris Bosh","Hassan Whiteside","Goran Dragic","Dwyane Wade","Justise Winslow"
"59",0,"LeBron James","Kevin Love","Timofey Mozgov","J.R. Smith","Matthew Dellavedova","Chris Bosh","Hassan Whiteside","Goran Dragic","Dwyane Wade","Justise Winslow"
"60",2,"LeBron James","Kevin Love","Timofey Mozgov","J.R. Smith","Matthew Dellavedova","Chris Bosh","Hassan Whiteside","Dwyane Wade","Justise Winslow","Mario Chalmers"
"61",0,"Kevin Love","Timofey Mozgov","J.R. Smith","Matthew Dellavedova","Richard Jefferson","Chris Bosh","Hassan Whiteside","Dwyane Wade","Justise Winslow","Mario Chalmers"
"62",0,"Kevin Love","J.R. Smith","Matthew Dellavedova","Richard Jefferson","Tristan Thompson","Chris Bosh","Hassan Whiteside","Dwyane Wade","Justise Winslow","Mario Chalmers"
"63",0,"Kevin Love","J.R. Smith","Matthew Dellavedova","Richard Jefferson","Tristan Thompson","Hassan Whiteside","Dwyane Wade","Justise Winslow","Mario Chalmers","Gerald Green"
"64",-1,"Kevin Love","J.R. Smith","Matthew Dellavedova","Richard Jefferson","Tristan Thompson","Hassan Whiteside","Justise Winslow","Mario Chalmers","Gerald Green","Josh McRoberts"
"65",3,"Kevin Love","J.R. Smith","Matthew Dellavedova","Richard Jefferson","Tristan Thompson","Justise Winslow","Mario Chalmers","Gerald Green","Josh McRoberts","Amar'e Stoudemire"
"66",1,"Kevin Love","Matthew Dellavedova","Richard Jefferson","Tristan Thompson","Jared Cunningham","Justise Winslow","Mario Chalmers","Gerald Green","Josh McRoberts","Amar'e Stoudemire"
"67",-1,"Matthew Dellavedova","Richard Jefferson","Tristan Thompson","Jared Cunningham","Anderson Varejao","Justise Winslow","Mario Chalmers","Gerald Green","Josh McRoberts","Amar'e Stoudemire"
"68",6,"Matthew Dellavedova","Richard Jefferson","Tristan Thompson","Anderson Varejao","LeBron James","Justise Winslow","Mario Chalmers","Gerald Green","Josh McRoberts","Amar'e Stoudemire"
"69",0,"Matthew Dellavedova","Richard Jefferson","Tristan Thompson","Anderson Varejao","LeBron James","Mario Chalmers","Gerald Green","Josh McRoberts","Amar'e Stoudemire","Chris Bosh"
"70",0,"Matthew Dellavedova","Richard Jefferson","Tristan Thompson","Anderson Varejao","LeBron James","Gerald Green","Josh McRoberts","Amar'e Stoudemire","Chris Bosh","Goran Dragic"
"71",0,"Matthew Dellavedova","Richard Jefferson","Tristan Thompson","Anderson Varejao","LeBron James","Gerald Green","Amar'e Stoudemire","Chris Bosh","Goran Dragic","Luol Deng"
"72",0,"Matthew Dellavedova","Richard Jefferson","Tristan Thompson","Anderson Varejao","LeBron James","Amar'e Stoudemire","Chris Bosh","Goran Dragic","Luol Deng","Dwyane Wade"
"73",0,"Matthew Dellavedova","Richard Jefferson","Tristan Thompson","Anderson Varejao","LeBron James","Chris Bosh","Goran Dragic","Luol Deng","Dwyane Wade","Hassan Whiteside"
"74",-3,"Matthew Dellavedova","Tristan Thompson","Anderson Varejao","LeBron James","J.R. Smith","Chris Bosh","Goran Dragic","Luol Deng","Dwyane Wade","Hassan Whiteside"
"75",0,"Matthew Dellavedova","Anderson Varejao","LeBron James","J.R. Smith","Kevin Love","Chris Bosh","Goran Dragic","Luol Deng","Dwyane Wade","Hassan Whiteside"
"76",0,"Anderson Varejao","LeBron James","J.R. Smith","Kevin Love","Mo Williams","Chris Bosh","Goran Dragic","Luol Deng","Dwyane Wade","Hassan Whiteside"
"77",-1,"LeBron James","J.R. Smith","Kevin Love","Mo Williams","Timofey Mozgov","Chris Bosh","Goran Dragic","Luol Deng","Dwyane Wade","Hassan Whiteside"
"78",0,"LeBron James","J.R. Smith","Kevin Love","Mo Williams","Timofey Mozgov","Chris Bosh","Goran Dragic","Dwyane Wade","Hassan Whiteside","Justise Winslow"
"79",-3,"J.R. Smith","Kevin Love","Mo Williams","Timofey Mozgov","Richard Jefferson","Chris Bosh","Goran Dragic","Dwyane Wade","Hassan Whiteside","Justise Winslow"
"80",1,"Kevin Love","Mo Williams","Timofey Mozgov","Richard Jefferson","Matthew Dellavedova","Chris Bosh","Goran Dragic","Dwyane Wade","Hassan Whiteside","Justise Winslow"
"81",0,"LeBron James","Kevin Love","Timofey Mozgov","J.R. Smith","Mo Williams","Luol Deng","Chris Bosh","Hassan Whiteside","Goran Dragic","Dwyane Wade"
"82",0,"LeBron James","Kevin Love","Timofey Mozgov","Mo Williams","Matthew Dellavedova","Luol Deng","Chris Bosh","Hassan Whiteside","Goran Dragic","Dwyane Wade"
"83",-2,"LeBron James","Kevin Love","Mo Williams","Matthew Dellavedova","Tristan Thompson","Luol Deng","Chris Bosh","Hassan Whiteside","Goran Dragic","Dwyane Wade"
"84",3,"LeBron James","Kevin Love","Mo Williams","Matthew Dellavedova","Tristan Thompson","Luol Deng","Chris Bosh","Hassan Whiteside","Goran Dragic","Gerald Green"
"85",0,"LeBron James","Kevin Love","Mo Williams","Matthew Dellavedova","Tristan Thompson","Luol Deng","Chris Bosh","Hassan Whiteside","Gerald Green","Mario Chalmers"
"86",0,"LeBron James","Kevin Love","Mo Williams","Matthew Dellavedova","Tristan Thompson","Luol Deng","Hassan Whiteside","Gerald Green","Mario Chalmers","Josh McRoberts"
"87",1,"LeBron James","Mo Williams","Matthew Dellavedova","Tristan Thompson","Anderson Varejao","Luol Deng","Hassan Whiteside","Gerald Green","Mario Chalmers","Josh McRoberts"
"88",1,"Mo Williams","Matthew Dellavedova","Tristan Thompson","Anderson Varejao","Richard Jefferson","Luol Deng","Hassan Whiteside","Gerald Green","Mario Chalmers","Josh McRoberts"
"89",0,"Mo Williams","Matthew Dellavedova","Tristan Thompson","Anderson Varejao","Richard Jefferson","Luol Deng","Gerald Green","Mario Chalmers","Josh McRoberts","Amar'e Stoudemire"
"90",0,"Mo Williams","Matthew Dellavedova","Tristan Thompson","Anderson Varejao","Richard Jefferson","Gerald Green","Mario Chalmers","Josh McRoberts","Amar'e Stoudemire","Justise Winslow"
"91",1,"Matthew Dellavedova","Tristan Thompson","Anderson Varejao","Richard Jefferson","Jared Cunningham","Gerald Green","Mario Chalmers","Josh McRoberts","Amar'e Stoudemire","Justise Winslow"
"92",4,"Matthew Dellavedova","Richard Jefferson","Tristan Thompson","Jared Cunningham","Anderson Varejao","Justise Winslow","Mario Chalmers","Gerald Green","Josh McRoberts","Amar'e Stoudemire"
"93",2,"Matthew Dellavedova","Richard Jefferson","Tristan Thompson","Jared Cunningham","Anderson Varejao","Justise Winslow","Mario Chalmers","Josh McRoberts","Amar'e Stoudemire","Dwyane Wade"
"94",0,"Matthew Dellavedova","Richard Jefferson","Tristan Thompson","Jared Cunningham","Anderson Varejao","Justise Winslow","Mario Chalmers","Amar'e Stoudemire","Dwyane Wade","Chris Bosh"
"95",0,"Matthew Dellavedova","Richard Jefferson","Tristan Thompson","Jared Cunningham","Anderson Varejao","Justise Winslow","Mario Chalmers","Dwyane Wade","Chris Bosh","Hassan Whiteside"
"96",0,"Matthew Dellavedova","Richard Jefferson","Tristan Thompson","Anderson Varejao","Kevin Love","Justise Winslow","Mario Chalmers","Dwyane Wade","Chris Bosh","Hassan Whiteside"
"97",0,"Matthew Dellavedova","Richard Jefferson","Tristan Thompson","Kevin Love","LeBron James","Justise Winslow","Mario Chalmers","Dwyane Wade","Chris Bosh","Hassan Whiteside"
"98",2,"Matthew Dellavedova","Richard Jefferson","Tristan Thompson","Kevin Love","LeBron James","Justise Winslow","Dwyane Wade","Chris Bosh","Hassan Whiteside","Goran Dragic"
"99",1,"Matthew Dellavedova","Richard Jefferson","Tristan Thompson","Kevin Love","LeBron James","Dwyane Wade","Chris Bosh","Hassan Whiteside","Goran Dragic","Luol Deng"
"100",-3,"Richard Jefferson","Tristan Thompson","Kevin Love","LeBron James","Mo Williams","Dwyane Wade","Chris Bosh","Hassan Whiteside","Goran Dragic","Luol Deng"
"101",0,"Richard Jefferson","Tristan Thompson","Kevin Love","LeBron James","Mo Williams","Dwyane Wade","Chris Bosh","Hassan Whiteside","Goran Dragic","James Ennis"
"102",0,"Richard Jefferson","Tristan Thompson","Kevin Love","LeBron James","Mo Williams","Dwyane Wade","Hassan Whiteside","Goran Dragic","James Ennis","Tyler Johnson"
"103",0,"Richard Jefferson","Tristan Thompson","Kevin Love","LeBron James","Mo Williams","Hassan Whiteside","Goran Dragic","James Ennis","Tyler Johnson","Justise Winslow"
"104",0,"Richard Jefferson","Tristan Thompson","Kevin Love","Mo Williams","James Jones","Hassan Whiteside","Goran Dragic","James Ennis","Tyler Johnson","Justise Winslow"
"105",0,"Richard Jefferson","Tristan Thompson","Mo Williams","James Jones","Jared Cunningham","Hassan Whiteside","Goran Dragic","James Ennis","Tyler Johnson","Justise Winslow"
"106",0,"Richard Jefferson","Tristan Thompson","James Jones","Jared Cunningham","Joe Harris","Hassan Whiteside","Goran Dragic","James Ennis","Tyler Johnson","Justise Winslow"
"107",-5,"Richard Jefferson","James Jones","Jared Cunningham","Joe Harris","Sasha Kaun","Hassan Whiteside","Goran Dragic","James Ennis","Tyler Johnson","Justise Winslow"
"108",4,"Evan Fournier","Tobias Harris","Nikola Vucevic","Victor Oladipo","Elfrid Payton","Kevin Durant","Serge Ibaka","Steven Adams","Andre Roberson","Russell Westbrook"
"109",0,"Evan Fournier","Tobias Harris","Nikola Vucevic","Victor Oladipo","Elfrid Payton","Kevin Durant","Serge Ibaka","Steven Adams","Russell Westbrook","Anthony Morrow"
"110",-1,"Evan Fournier","Tobias Harris","Nikola Vucevic","Victor Oladipo","CJ Watson","Kevin Durant","Serge Ibaka","Steven Adams","Russell Westbrook","Anthony Morrow"
"111",2,"Tobias Harris","Nikola Vucevic","Victor Oladipo","CJ Watson","Mario Hezonja","Kevin Durant","Serge Ibaka","Steven Adams","Russell Westbrook","Anthony Morrow"
"112",1,"Tobias Harris","Nikola Vucevic","Victor Oladipo","CJ Watson","Mario Hezonja","Kevin Durant","Serge Ibaka","Steven Adams","Russell Westbrook","Andre Roberson"
"113",0,"Tobias Harris","Nikola Vucevic","Victor Oladipo","CJ Watson","Mario Hezonja","Serge Ibaka","Steven Adams","Russell Westbrook","Andre Roberson","D.J. Augustin"
"114",0,"Tobias Harris","Nikola Vucevic","Victor Oladipo","CJ Watson","Mario Hezonja","Serge Ibaka","Steven Adams","Andre Roberson","D.J. Augustin","Dion Waiters"
"115",1,"Nikola Vucevic","Victor Oladipo","CJ Watson","Mario Hezonja","Aaron Gordon","Serge Ibaka","Steven Adams","Andre Roberson","D.J. Augustin","Dion Waiters"
"116",0,"Nikola Vucevic","CJ Watson","Mario Hezonja","Aaron Gordon","Evan Fournier","Serge Ibaka","Steven Adams","Andre Roberson","D.J. Augustin","Dion Waiters"
"117",0,"CJ Watson","Mario Hezonja","Aaron Gordon","Evan Fournier","Dewayne Dedmon","Serge Ibaka","Steven Adams","Andre Roberson","D.J. Augustin","Dion Waiters"
"118",-3,"CJ Watson","Mario Hezonja","Aaron Gordon","Evan Fournier","Dewayne Dedmon","Serge Ibaka","Andre Roberson","D.J. Augustin","Dion Waiters","Enes Kanter"
"119",3,"Evan Fournier","CJ Watson","Mario Hezonja","Aaron Gordon","Dewayne Dedmon","Kevin Durant","Andre Roberson","D.J. Augustin","Dion Waiters","Enes Kanter"
"120",1,"Evan Fournier","Mario Hezonja","Aaron Gordon","Dewayne Dedmon","Elfrid Payton","Kevin Durant","Andre Roberson","D.J. Augustin","Dion Waiters","Enes Kanter"
"121",0,"Evan Fournier","Aaron Gordon","Dewayne Dedmon","Elfrid Payton","Tobias Harris","Kevin Durant","Andre Roberson","D.J. Augustin","Dion Waiters","Enes Kanter"
"122",0,"Evan Fournier","Dewayne Dedmon","Elfrid Payton","Tobias Harris","Victor Oladipo","Kevin Durant","Andre Roberson","D.J. Augustin","Dion Waiters","Enes Kanter"
"123",0,"Evan Fournier","Elfrid Payton","Tobias Harris","Victor Oladipo","Nikola Vucevic","Kevin Durant","Andre Roberson","D.J. Augustin","Dion Waiters","Enes Kanter"
"124",0,"Evan Fournier","Elfrid Payton","Tobias Harris","Victor Oladipo","Nikola Vucevic","Kevin Durant","D.J. Augustin","Dion Waiters","Enes Kanter","Serge Ibaka"
"125",0,"Evan Fournier","Elfrid Payton","Tobias Harris","Victor Oladipo","Nikola Vucevic","Kevin Durant","Dion Waiters","Enes Kanter","Serge Ibaka","Anthony Morrow"
"126",0,"Evan Fournier","Elfrid Payton","Tobias Harris","Victor Oladipo","Nikola Vucevic","Kevin Durant","Enes Kanter","Serge Ibaka","Anthony Morrow","Russell Westbrook"
"127",3,"Evan Fournier","Elfrid Payton","Tobias Harris","Victor Oladipo","Nikola Vucevic","Kevin Durant","Serge Ibaka","Anthony Morrow","Russell Westbrook","Kyle Singler"
"128",-1,"Evan Fournier","Tobias Harris","Victor Oladipo","Nikola Vucevic","CJ Watson","Kevin Durant","Serge Ibaka","Anthony Morrow","Russell Westbrook","Kyle Singler"
"129",5,"Evan Fournier","Tobias Harris","Victor Oladipo","Nikola Vucevic","CJ Watson","Kevin Durant","Serge Ibaka","Russell Westbrook","Kyle Singler","Steven Adams"
"130",1,"Tobias Harris","Victor Oladipo","Nikola Vucevic","CJ Watson","Mario Hezonja","Kevin Durant","Serge Ibaka","Russell Westbrook","Kyle Singler","Steven Adams"
"131",-2,"Tobias Harris","Victor Oladipo","Nikola Vucevic","CJ Watson","Mario Hezonja","Serge Ibaka","Russell Westbrook","Kyle Singler","Steven Adams","Dion Waiters"
"132",0,"Tobias Harris","Victor Oladipo","Nikola Vucevic","CJ Watson","Shabazz Napier","Serge Ibaka","Russell Westbrook","Kyle Singler","Steven Adams","Dion Waiters"
"133",0,"Tobias Harris","Victor Oladipo","Nikola Vucevic","CJ Watson","Shabazz Napier","Serge Ibaka","Russell Westbrook","Kyle Singler","Dion Waiters","Kevin Durant"
"134",0,"Evan Fournier","Tobias Harris","Nikola Vucevic","Victor Oladipo","Elfrid Payton","Kevin Durant","Serge Ibaka","Steven Adams","Andre Roberson","Russell Westbrook"
"135",2,"Evan Fournier","Tobias Harris","Nikola Vucevic","Victor Oladipo","Elfrid Payton","Kevin Durant","Serge Ibaka","Steven Adams","Russell Westbrook","Anthony Morrow"
"136",0,"Evan Fournier","Tobias Harris","Victor Oladipo","Elfrid Payton","CJ Watson","Kevin Durant","Serge Ibaka","Steven Adams","Russell Westbrook","Anthony Morrow"
"137",-2,"Evan Fournier","Tobias Harris","Victor Oladipo","CJ Watson","Dewayne Dedmon","Kevin Durant","Serge Ibaka","Steven Adams","Russell Westbrook","Anthony Morrow"
"138",0,"Evan Fournier","Tobias Harris","Victor Oladipo","CJ Watson","Dewayne Dedmon","Serge Ibaka","Steven Adams","Russell Westbrook","Anthony Morrow","Kyle Singler"
"139",0,"Evan Fournier","Tobias Harris","Victor Oladipo","CJ Watson","Dewayne Dedmon","Serge Ibaka","Russell Westbrook","Anthony Morrow","Kyle Singler","Enes Kanter"
"140",0,"Evan Fournier","Tobias Harris","CJ Watson","Dewayne Dedmon","Mario Hezonja","Serge Ibaka","Russell Westbrook","Anthony Morrow","Kyle Singler","Enes Kanter"
"141",1,"Evan Fournier","CJ Watson","Dewayne Dedmon","Mario Hezonja","Aaron Gordon","Serge Ibaka","Russell Westbrook","Anthony Morrow","Kyle Singler","Enes Kanter"
"142",3,"Evan Fournier","CJ Watson","Dewayne Dedmon","Mario Hezonja","Aaron Gordon","Serge Ibaka","Anthony Morrow","Kyle Singler","Enes Kanter","D.J. Augustin"
"143",-5,"Victor Oladipo","CJ Watson","Mario Hezonja","Aaron Gordon","Dewayne Dedmon","Kevin Durant","D.J. Augustin","Dion Waiters","Enes Kanter","Kyle Singler"
"144",0,"Victor Oladipo","CJ Watson","Mario Hezonja","Aaron Gordon","Dewayne Dedmon","Kevin Durant","D.J. Augustin","Dion Waiters","Enes Kanter","Russell Westbrook"
"145",-2,"Victor Oladipo","CJ Watson","Aaron Gordon","Dewayne Dedmon","Evan Fournier","Kevin Durant","D.J. Augustin","Dion Waiters","Enes Kanter","Russell Westbrook"
"146",0,"Victor Oladipo","CJ Watson","Dewayne Dedmon","Evan Fournier","Tobias Harris","Kevin Durant","D.J. Augustin","Dion Waiters","Enes Kanter","Russell Westbrook"
"147",0,"Victor Oladipo","Dewayne Dedmon","Evan Fournier","Tobias Harris","Elfrid Payton","Kevin Durant","D.J. Augustin","Dion Waiters","Enes Kanter","Russell Westbrook"
"148",-3,"Victor Oladipo","Evan Fournier","Tobias Harris","Elfrid Payton","Nikola Vucevic","Kevin Durant","D.J. Augustin","Dion Waiters","Enes Kanter","Russell Westbrook"
"149",0,"Victor Oladipo","Tobias Harris","Elfrid Payton","Nikola Vucevic","Aaron Gordon","Kevin Durant","D.J. Augustin","Dion Waiters","Enes Kanter","Russell Westbrook"
"150",0,"Tobias Harris","Elfrid Payton","Nikola Vucevic","Aaron Gordon","Evan Fournier","Kevin Durant","D.J. Augustin","Dion Waiters","Enes Kanter","Russell Westbrook"
"151",-7,"Tobias Harris","Elfrid Payton","Nikola Vucevic","Evan Fournier","Victor Oladipo","Kevin Durant","D.J. Augustin","Dion Waiters","Enes Kanter","Russell Westbrook"
"152",1,"Tobias Harris","Elfrid Payton","Nikola Vucevic","Evan Fournier","Victor Oladipo","Kevin Durant","D.J. Augustin","Dion Waiters","Russell Westbrook","Steven Adams"
"153",1,"Tobias Harris","Elfrid Payton","Nikola Vucevic","Evan Fournier","Victor Oladipo","Kevin Durant","D.J. Augustin","Russell Westbrook","Steven Adams","Andre Roberson"
"154",0,"Tobias Harris","Elfrid Payton","Nikola Vucevic","Victor Oladipo","Aaron Gordon","Kevin Durant","D.J. Augustin","Russell Westbrook","Steven Adams","Andre Roberson"
"155",-2,"Tobias Harris","Elfrid Payton","Nikola Vucevic","Victor Oladipo","Aaron Gordon","Kevin Durant","D.J. Augustin","Russell Westbrook","Steven Adams","Dion Waiters"
"156",0,"Tobias Harris","Nikola Vucevic","Victor Oladipo","Aaron Gordon","Evan Fournier","Kevin Durant","D.J. Augustin","Russell Westbrook","Steven Adams","Dion Waiters"
"157",2,"Tobias Harris","Nikola Vucevic","Victor Oladipo","Aaron Gordon","Evan Fournier","Kevin Durant","Russell Westbrook","Steven Adams","Dion Waiters","Andre Roberson"
"158",0,"Tobias Harris","Nikola Vucevic","Victor Oladipo","Aaron Gordon","Evan Fournier","Kevin Durant","Russell Westbrook","Steven Adams","Dion Waiters","D.J. Augustin"
"159",-3,"Tobias Harris","Nikola Vucevic","Victor Oladipo","Aaron Gordon","Elfrid Payton","Kevin Durant","Russell Westbrook","Steven Adams","Dion Waiters","D.J. Augustin"
"160",0,"Tobias Harris","Nikola Vucevic","Victor Oladipo","Aaron Gordon","Evan Fournier","Kevin Durant","Russell Westbrook","Steven Adams","Dion Waiters","D.J. Augustin"
"161",0,"Tobias Harris","Nikola Vucevic","Victor Oladipo","Aaron Gordon","Evan Fournier","Kevin Durant","Russell Westbrook","Steven Adams","Dion Waiters","Andre Roberson"
"162",0,"Tobias Harris","Nikola Vucevic","Victor Oladipo","Aaron Gordon","Evan Fournier","Kevin Durant","Russell Westbrook","Steven Adams","Andre Roberson","Serge Ibaka"
"163",-1,"Evan Fournier","Tobias Harris","Nikola Vucevic","Victor Oladipo","Elfrid Payton","Kevin Durant","Steven Adams","Russell Westbrook","D.J. Augustin","Dion Waiters"
"164",0,"Evan Fournier","Tobias Harris","Nikola Vucevic","Victor Oladipo","Elfrid Payton","Kevin Durant","Steven Adams","Russell Westbrook","Dion Waiters","Serge Ibaka"
"165",0,"Evan Fournier","Tobias Harris","Nikola Vucevic","Victor Oladipo","Elfrid Payton","Kevin Durant","Steven Adams","Russell Westbrook","Serge Ibaka","Andre Roberson"
"166",0,"Evan Fournier","Tobias Harris","Nikola Vucevic","Victor Oladipo","Elfrid Payton","Kevin Durant","Steven Adams","Russell Westbrook","Andre Roberson","Dion Waiters"
"167",-2,"Evan Fournier","Tobias Harris","Nikola Vucevic","Victor Oladipo","Elfrid Payton","Kevin Durant","Steven Adams","Russell Westbrook","Dion Waiters","D.J. Augustin"
"168",0,"Evan Fournier","Tobias Harris","Nikola Vucevic","Victor Oladipo","Elfrid Payton","Kevin Durant","Steven Adams","Russell Westbrook","Dion Waiters","Serge Ibaka"
"169",3,"Evan Fournier","Tobias Harris","Nikola Vucevic","Victor Oladipo","Elfrid Payton","Kevin Durant","Steven Adams","Russell Westbrook","Serge Ibaka","Andre Roberson"
"170",-4,"Evan Fournier","Tobias Harris","Nikola Vucevic","Victor Oladipo","Elfrid Payton","Kevin Durant","Steven Adams","Russell Westbrook","D.J. Augustin","Dion Waiters"
"171",2,"Tobias Harris","Nikola Vucevic","Victor Oladipo","Elfrid Payton","Aaron Gordon","Kevin Durant","Steven Adams","Russell Westbrook","D.J. Augustin","Dion Waiters"
"172",-1,"Tobias Harris","Victor Oladipo","Elfrid Payton","Aaron Gordon","Dewayne Dedmon","Kevin Durant","Steven Adams","Russell Westbrook","D.J. Augustin","Dion Waiters"
"173",-1,"Tobias Harris","Victor Oladipo","Elfrid Payton","Aaron Gordon","Nikola Vucevic","Kevin Durant","Steven Adams","Russell Westbrook","D.J. Augustin","Dion Waiters"
"174",0,"Tobias Harris","Victor Oladipo","Elfrid Payton","Nikola Vucevic","Evan Fournier","Kevin Durant","Steven Adams","Russell Westbrook","D.J. Augustin","Dion Waiters"
"175",0,"Tobias Harris","Victor Oladipo","Elfrid Payton","Nikola Vucevic","Evan Fournier","Kevin Durant","Russell Westbrook","D.J. Augustin","Dion Waiters","Serge Ibaka"
"176",1,"Tobias Harris","Victor Oladipo","Elfrid Payton","Nikola Vucevic","Evan Fournier","Kevin Durant","Russell Westbrook","Dion Waiters","Serge Ibaka","Andre Roberson"
"177",0,"Tobias Harris","Victor Oladipo","Elfrid Payton","Nikola Vucevic","Evan Fournier","Kevin Durant","Russell Westbrook","Serge Ibaka","Andre Roberson","Steven Adams"
"178",1,"Tobias Harris","Victor Oladipo","Elfrid Payton","Nikola Vucevic","Aaron Gordon","Kevin Durant","Russell Westbrook","Serge Ibaka","Andre Roberson","Steven Adams"
"179",0,"Tobias Harris","Victor Oladipo","Elfrid Payton","Nikola Vucevic","Aaron Gordon","Kevin Durant","Russell Westbrook","Serge Ibaka","Andre Roberson","Dion Waiters"
"180",0,"Tobias Harris","Victor Oladipo","Elfrid Payton","Nikola Vucevic","Aaron Gordon","Kevin Durant","Russell Westbrook","Serge Ibaka","Dion Waiters","D.J. Augustin"
"181",0,"Tobias Harris","Victor Oladipo","Elfrid Payton","Aaron Gordon","Evan Fournier","Kevin Durant","Russell Westbrook","Serge Ibaka","Dion Waiters","D.J. Augustin"
"182",0,"Tobias Harris","Victor Oladipo","Elfrid Payton","Aaron Gordon","Nikola Vucevic","Kevin Durant","Russell Westbrook","Serge Ibaka","Dion Waiters","D.J. Augustin"
"183",0,"Tobias Harris","Victor Oladipo","Elfrid Payton","Aaron Gordon","Nikola Vucevic","Kevin Durant","Russell Westbrook","Serge Ibaka","D.J. Augustin","Steven Adams"
"184",-1,"Tobias Harris","Victor Oladipo","Elfrid Payton","Aaron Gordon","Nikola Vucevic","Kevin Durant","Russell Westbrook","Serge Ibaka","Steven Adams","Andre Roberson"
"185",0,"Tobias Harris","Victor Oladipo","Elfrid Payton","Nikola Vucevic","Evan Fournier","Kevin Durant","Russell Westbrook","Serge Ibaka","Steven Adams","Andre Roberson"
"186",-1,"JaKarr Sampson","Nerlens Noel","Jahlil Okafor","Hollis Thompson","Isaiah Canaan","Gordon Hayward","Derrick Favors","Rudy Gobert","Rodney Hood","Raul Neto"
"187",1,"JaKarr Sampson","Nerlens Noel","Jahlil Okafor","Hollis Thompson","Isaiah Canaan","Gordon Hayward","Derrick Favors","Rudy Gobert","Raul Neto","Elijah Millsap"
"188",-1,"JaKarr Sampson","Nerlens Noel","Jahlil Okafor","Isaiah Canaan","Nik Stauskas","Gordon Hayward","Derrick Favors","Rudy Gobert","Raul Neto","Elijah Millsap"
"189",0,"JaKarr Sampson","Nerlens Noel","Jahlil Okafor","Isaiah Canaan","Nik Stauskas","Gordon Hayward","Derrick Favors","Rudy Gobert","Raul Neto","Alec Burks"
"190",0,"JaKarr Sampson","Jahlil Okafor","Isaiah Canaan","Nik Stauskas","Jerami Grant","Gordon Hayward","Derrick Favors","Rudy Gobert","Raul Neto","Alec Burks"
"191",-6,"JaKarr Sampson","Jahlil Okafor","Nik Stauskas","Jerami Grant","TJ McConnell","Gordon Hayward","Derrick Favors","Rudy Gobert","Raul Neto","Alec Burks"
"192",0,"Jahlil Okafor","Nik Stauskas","Jerami Grant","TJ McConnell","Hollis Thompson","Gordon Hayward","Derrick Favors","Rudy Gobert","Raul Neto","Alec Burks"
"193",0,"Jahlil Okafor","Nik Stauskas","Jerami Grant","TJ McConnell","Hollis Thompson","Gordon Hayward","Derrick Favors","Raul Neto","Alec Burks","Trey Burke"
"194",-3,"Jahlil Okafor","Nik Stauskas","Jerami Grant","TJ McConnell","Hollis Thompson","Gordon Hayward","Derrick Favors","Alec Burks","Trey Burke","Trevor Booker"
"195",0,"Nik Stauskas","Jerami Grant","TJ McConnell","Hollis Thompson","Nerlens Noel","Gordon Hayward","Derrick Favors","Alec Burks","Trey Burke","Trevor Booker"
"196",0,"Nik Stauskas","Jerami Grant","TJ McConnell","Hollis Thompson","Nerlens Noel","Gordon Hayward","Alec Burks","Trey Burke","Trevor Booker","Trey Lyles"
"197",1,"Nik Stauskas","Jerami Grant","TJ McConnell","Hollis Thompson","Nerlens Noel","Alec Burks","Trey Burke","Trevor Booker","Trey Lyles","Joe Ingles"
"198",1,"Nik Stauskas","Jerami Grant","TJ McConnell","Nerlens Noel","Richaun Holmes","Alec Burks","Trey Burke","Trevor Booker","Trey Lyles","Joe Ingles"
"199",-1,"Jerami Grant","TJ McConnell","Nerlens Noel","Richaun Holmes","Isaiah Canaan","Alec Burks","Trey Burke","Trevor Booker","Trey Lyles","Joe Ingles"
"200",0,"Nerlens Noel","Jahlil Okafor","Isaiah Canaan","Jerami Grant","TJ McConnell","Alec Burks","Trey Burke","Trevor Booker","Trey Lyles","Joe Ingles"
"201",3,"Nerlens Noel","Jahlil Okafor","Isaiah Canaan","Jerami Grant","TJ McConnell","Alec Burks","Trey Burke","Trevor Booker","Joe Ingles","Rudy Gobert"
"202",1,"Nerlens Noel","Jahlil Okafor","Isaiah Canaan","Jerami Grant","Hollis Thompson","Alec Burks","Trey Burke","Trevor Booker","Joe Ingles","Rudy Gobert"
"203",0,"Nerlens Noel","Jahlil Okafor","Isaiah Canaan","Jerami Grant","Hollis Thompson","Alec Burks","Trey Burke","Trevor Booker","Rudy Gobert","Rodney Hood"
"204",-8,"Nerlens Noel","Jahlil Okafor","Isaiah Canaan","Hollis Thompson","JaKarr Sampson","Alec Burks","Trey Burke","Trevor Booker","Rudy Gobert","Rodney Hood"
"205",-5,"Nerlens Noel","Jahlil Okafor","Isaiah Canaan","Hollis Thompson","Jerami Grant","Alec Burks","Trey Burke","Trevor Booker","Rudy Gobert","Rodney Hood"
"206",2,"Nerlens Noel","Jahlil Okafor","Hollis Thompson","Jerami Grant","TJ McConnell","Alec Burks","Trey Burke","Trevor Booker","Rudy Gobert","Rodney Hood"
"207",0,"Nerlens Noel","Jahlil Okafor","Hollis Thompson","Jerami Grant","TJ McConnell","Trey Burke","Trevor Booker","Rudy Gobert","Rodney Hood","Gordon Hayward"
"208",-2,"Nerlens Noel","Jahlil Okafor","Hollis Thompson","Jerami Grant","TJ McConnell","Trey Burke","Rudy Gobert","Rodney Hood","Gordon Hayward","Derrick Favors"
"209",1,"Nerlens Noel","Jahlil Okafor","Hollis Thompson","Jerami Grant","TJ McConnell","Rudy Gobert","Rodney Hood","Gordon Hayward","Derrick Favors","Raul Neto"
"210",0,"Nerlens Noel","Jahlil Okafor","Hollis Thompson","Jerami Grant","Isaiah Canaan","Rudy Gobert","Rodney Hood","Gordon Hayward","Derrick Favors","Raul Neto"
"211",0,"Nerlens Noel","Jahlil Okafor","Hollis Thompson","Isaiah Canaan","Nik Stauskas","Rudy Gobert","Rodney Hood","Gordon Hayward","Derrick Favors","Raul Neto"
"212",2,"Nerlens Noel","Jahlil Okafor","Hollis Thompson","Isaiah Canaan","Nik Stauskas","Rudy Gobert","Gordon Hayward","Derrick Favors","Raul Neto","Alec Burks"
"213",-1,"Nerlens Noel","Jahlil Okafor","Hollis Thompson","Isaiah Canaan","Nik Stauskas","Rudy Gobert","Gordon Hayward","Derrick Favors","Alec Burks","Trey Burke"
"214",-1,"Nerlens Noel","Jahlil Okafor","Isaiah Canaan","Nik Stauskas","Jerami Grant","Rudy Gobert","Gordon Hayward","Derrick Favors","Alec Burks","Trey Burke"
"215",-8,"JaKarr Sampson","Nerlens Noel","Jahlil Okafor","Hollis Thompson","Isaiah Canaan","Gordon Hayward","Derrick Favors","Rudy Gobert","Rodney Hood","Raul Neto"
"216",0,"JaKarr Sampson","Nerlens Noel","Jahlil Okafor","Hollis Thompson","TJ McConnell","Gordon Hayward","Derrick Favors","Rudy Gobert","Rodney Hood","Raul Neto"
"217",-2,"JaKarr Sampson","Nerlens Noel","Jahlil Okafor","Hollis Thompson","TJ McConnell","Derrick Favors","Rudy Gobert","Rodney Hood","Raul Neto","Alec Burks"
"218",-3,"Nerlens Noel","Jahlil Okafor","Hollis Thompson","TJ McConnell","Nik Stauskas","Derrick Favors","Rudy Gobert","Rodney Hood","Raul Neto","Alec Burks"
"219",0,"Jahlil Okafor","Hollis Thompson","TJ McConnell","Nik Stauskas","Jerami Grant","Derrick Favors","Rudy Gobert","Rodney Hood","Raul Neto","Alec Burks"
"220",0,"Jahlil Okafor","Hollis Thompson","TJ McConnell","Nik Stauskas","Jerami Grant","Derrick Favors","Rudy Gobert","Rodney Hood","Raul Neto","Gordon Hayward"
"221",3,"Jahlil Okafor","Hollis Thompson","TJ McConnell","Nik Stauskas","Jerami Grant","Derrick Favors","Rodney Hood","Raul Neto","Gordon Hayward","Trevor Booker"
"222",0,"Hollis Thompson","TJ McConnell","Nik Stauskas","Jerami Grant","Isaiah Canaan","Derrick Favors","Rodney Hood","Raul Neto","Gordon Hayward","Trevor Booker"
"223",0,"TJ McConnell","Nik Stauskas","Jerami Grant","Isaiah Canaan","Nerlens Noel","Derrick Favors","Rodney Hood","Raul Neto","Gordon Hayward","Trevor Booker"
"224",3,"TJ McConnell","Nik Stauskas","Jerami Grant","Isaiah Canaan","Nerlens Noel","Derrick Favors","Rodney Hood","Gordon Hayward","Trevor Booker","Trey Burke"
"225",3,"TJ McConnell","Nik Stauskas","Jerami Grant","Isaiah Canaan","Nerlens Noel","Derrick Favors","Rodney Hood","Gordon Hayward","Trey Burke","Joe Ingles"
"226",0,"TJ McConnell","Nik Stauskas","Jerami Grant","Isaiah Canaan","Nerlens Noel","Derrick Favors","Gordon Hayward","Trey Burke","Joe Ingles","Alec Burks"
"227",-1,"TJ McConnell","Jerami Grant","Isaiah Canaan","Nerlens Noel","JaKarr Sampson","Derrick Favors","Gordon Hayward","Trey Burke","Joe Ingles","Alec Burks"
"228",-1,"TJ McConnell","Jerami Grant","Isaiah Canaan","Nerlens Noel","Hollis Thompson","Derrick Favors","Gordon Hayward","Trey Burke","Joe Ingles","Alec Burks"
"229",2,"TJ McConnell","Jerami Grant","Isaiah Canaan","Nerlens Noel","Hollis Thompson","Gordon Hayward","Trey Burke","Joe Ingles","Alec Burks","Rudy Gobert"
"230",-6,"JaKarr Sampson","Jahlil Okafor","Hollis Thompson","Nik Stauskas","Christian Wood","Gordon Hayward","Rudy Gobert","Elijah Millsap","Alec Burks","Trey Burke"
"231",0,"JaKarr Sampson","Jahlil Okafor","Hollis Thompson","Nik Stauskas","Isaiah Canaan","Gordon Hayward","Rudy Gobert","Elijah Millsap","Alec Burks","Trey Burke"
"232",2,"JaKarr Sampson","Jahlil Okafor","Hollis Thompson","Nik Stauskas","Isaiah Canaan","Gordon Hayward","Rudy Gobert","Alec Burks","Trey Burke","Rodney Hood"
"233",0,"JaKarr Sampson","Jahlil Okafor","Hollis Thompson","Nik Stauskas","Isaiah Canaan","Gordon Hayward","Rudy Gobert","Trey Burke","Rodney Hood","Derrick Favors"
"234",0,"Jahlil Okafor","Hollis Thompson","Nik Stauskas","Isaiah Canaan","Nerlens Noel","Gordon Hayward","Rudy Gobert","Trey Burke","Rodney Hood","Derrick Favors"
"235",-3,"Jahlil Okafor","Hollis Thompson","Isaiah Canaan","Nerlens Noel","TJ McConnell","Gordon Hayward","Rudy Gobert","Trey Burke","Rodney Hood","Derrick Favors"
"236",0,"Jahlil Okafor","Hollis Thompson","Isaiah Canaan","Nerlens Noel","TJ McConnell","Gordon Hayward","Trey Burke","Rodney Hood","Derrick Favors","Trevor Booker"
"237",2,"Jahlil Okafor","Hollis Thompson","Isaiah Canaan","Nerlens Noel","TJ McConnell","Trey Burke","Rodney Hood","Derrick Favors","Trevor Booker","Alec Burks"
"238",0,"Jahlil Okafor","Hollis Thompson","Isaiah Canaan","Nerlens Noel","TJ McConnell","Trey Burke","Rodney Hood","Trevor Booker","Alec Burks","Trey Lyles"
"239",0,"Jahlil Okafor","Hollis Thompson","Isaiah Canaan","Nerlens Noel","TJ McConnell","Trey Burke","Trevor Booker","Alec Burks","Trey Lyles","Joe Ingles"
"240",-3,"Jahlil Okafor","Isaiah Canaan","Nerlens Noel","TJ McConnell","Jerami Grant","Trey Burke","Trevor Booker","Alec Burks","Trey Lyles","Joe Ingles"
"241",0,"Jahlil Okafor","Isaiah Canaan","Nerlens Noel","TJ McConnell","Jerami Grant","Trey Burke","Trevor Booker","Trey Lyles","Joe Ingles","Raul Neto"
"242",0,"Jahlil Okafor","Isaiah Canaan","Nerlens Noel","TJ McConnell","Jerami Grant","Trevor Booker","Trey Lyles","Joe Ingles","Raul Neto","Chris Johnson"
"243",0,"Jahlil Okafor","Isaiah Canaan","TJ McConnell","Jerami Grant","JaKarr Sampson","Trevor Booker","Trey Lyles","Joe Ingles","Raul Neto","Chris Johnson"
"244",0,"Isaiah Canaan","TJ McConnell","Jerami Grant","JaKarr Sampson","Richaun Holmes","Trevor Booker","Trey Lyles","Joe Ingles","Raul Neto","Chris Johnson"
"245",-2,"TJ McConnell","Jerami Grant","JaKarr Sampson","Richaun Holmes","Christian Wood","Trevor Booker","Trey Lyles","Joe Ingles","Raul Neto","Chris Johnson"
"246",4,"TJ McConnell","Jerami Grant","JaKarr Sampson","Richaun Holmes","Christian Wood","Trey Lyles","Joe Ingles","Raul Neto","Chris Johnson","Tibor Pleiss"
